Workbook

Sheet cloudSense
A1: record_id | B1: date | C1: service_name | D1: region | E1: cpu_usage_percent | F1: storage_gb | G1: allocated_cost | H1: actual_used_cost | I1: resource_status | J1: service_clean | K1: region_clean | L1: status_clean | M1: Column1 | N1: waste_cost | O1: waste_percent
A2: 1 | B2: 45658 | C2: EC2 | D2: us-east | E2: 23 | F2: 120 | G2: 500 | H2: 210 | I2: Idle | J2: =UPPER(TRIM(cloudSense[[#This Row],[service_name]])) -> EC2 | K2: =LOWER(TRIM(cloudSense[[#This Row],[region]])) -> us-east | L2: =PROPER(TRIM(cloudSense[[#This Row],[resource_status]])) -> Idle | N2: =cloudSense[[#This Row],[allocated_cost]]-cloudSense[[#This Row],[actual_used_cost]] -> 290 | O2: =(cloudSense[[#This Row],[allocated_cost]]-cloudSense[[#This Row],[actual_used_cost]])/cloudSense[[#This Row],[allocated_cost]]*100 -> 58
A3: 2 | B3: 45658 | C3: S3 | D3: us-west | E3: 78 | F3: 450 | G3: 700 | H3: 690 | I3: Active | J3: =UPPER(TRIM(cloudSense[[#This Row],[service_name]])) -> S3 | K3: =LOWER(TRIM(cloudSense[[#This Row],[region]])) -> us-west | L3: =PROPER(TRIM(cloudSense[[#This Row],[resource_status]])) -> Active | N3: =cloudSense[[#This Row],[allocated_cost]]-cloudSense[[#This Row],[actual_used_cost]] -> 10 | O3: =(cloudSense[[#This Row],[allocated_cost]]-cloudSense[[#This Row],[actual_used_cost]])/cloudSense[[#This Row],[allocated_cost]]*100 -> 1.4285714
A4: 3 | B4: 45659 | C4: ec2 | D4: us-east | E4: 12 | F4: 90 | G4: 500 | H4: 120 | I4: idle | J4: =UPPER(TRIM(cloudSense[[#This Row],[service_name]])) -> EC2 | K4: =LOWER(TRIM(cloudSense[[#This Row],[region]])) -> us-east | L4: =PROPER(TRIM(cloudSense[[#This Row],[resource_status]])) -> Idle | N4: =cloudSense[[#This Row],[allocated_cost]]-cloudSense[[#This Row],[actual_used_cost]] -> 380 | O4: =(cloudSense[[#This Row],[allocated_cost]]-cloudSense[[#This Row],[actual_used_cost]])/cloudSense[[#This Row],[allocated_cost]]*100 -> 76
A5: 4 | B5: 45659 | C5: RDS | D5: eu-central | E5: 65 | F5: 300 | G5: 600 | H5: 580 | I5: Active | J5: =UPPER(TRIM(cloudSense[[#This Row],[service_name]])) -> RDS | K5: =LOWER(TRIM(cloudSense[[#This Row],[region]])) -> eu-central | L5: =PROPER(TRIM(cloudSense[[#This Row],[resource_status]])) -> Active | N5: =cloudSense[[#This Row],[allocated_cost]]-cloudSense[[#This Row],[actual_used_cost]] -> 20 | O5: =(cloudSense[[#This Row],[allocated_cost]]-cloudSense[[#This Row],[actual_used_cost]])/cloudSense[[#This Row],[allocated_cost]]*100 -> 3.3333333
A6: 5 | B6: 45660 | C6: Lambda | D6: asia-south | E6: 5 | F6: 20 | G6: 200 | H6: 50 | I6: Idle | J6: =UPPER(TRIM(cloudSense[[#This Row],[service_name]])) -> LAMBDA | K6: =LOWER(TRIM(cloudSense[[#This Row],[region]])) -> asia-south | L6: =PROPER(TRIM(cloudSense[[#This Row],[resource_status]])) -> Idle | N6: =cloudSense[[#This Row],[allocated_cost]]-cloudSense[[#This Row],[actual_used_cost]] -> 150 | O6: =(cloudSense[[#This Row],[allocated_cost]]-cloudSense[[#This Row],[actual_used_cost]])/cloudSense[[#This Row],[allocated_cost]]*100 -> 75
A7: 6 | B7: 45660 | C7: S3 | D7: us-west | F7: 400 | G7: 700 | H7: 650 | I7: Active | J7: =UPPER(TRIM(cloudSense[[#This Row],[service_name]])) -> S3 | K7: =LOWER(TRIM(cloudSense[[#This Row],[region]])) -> us-west | L7: =PROPER(TRIM(cloudSense[[#This Row],[resource_status]])) -> Active | N7: =cloudSense[[#This Row],[allocated_cost]]-cloudSense[[#This Row],[actual_used_cost]] -> 50 | O7: =(cloudSense[[#This Row],[allocated_cost]]-cloudSense[[#This Row],[actual_used_cost]])/cloudSense[[#This Row],[allocated_cost]]*100 -> 7.1428571
A8: 7 | B8: 45661 | C8: EC2 | D8: us-east | E8: 33 | F8: 150 | G8: 500 | H8: 300 | I8: Active | J8: =UPPER(TRIM(cloudSense[[#This Row],[service_name]])) -> EC2 | K8: =LOWER(TRIM(cloudSense[[#This Row],[region]])) -> us-east | L8: =PROPER(TRIM(cloudSense[[#This Row],[resource_status]])) -> Active | N8: =cloudSense[[#This Row],[allocated_cost]]-cloudSense[[#This Row],[actual_used_cost]] -> 200 | O8: =(cloudSense[[#This Row],[allocated_cost]]-cloudSense[[#This Row],[actual_used_cost]])/cloudSense[[#This Row],[allocated_cost]]*100 -> 40
A9: 8 | B9: 45661 | C9: RDS | D9: EU-CENTRAL | E9: 18 | F9: 200 | G9: 600 | H9: 150 | I9: Idle | J9: =UPPER(TRIM(cloudSense[[#This Row],[service_name]])) -> RDS | K9: =LOWER(TRIM(cloudSense[[#This Row],[region]])) -> eu-central | L9: =PROPER(TRIM(cloudSense[[#This Row],[resource_status]])) -> Idle | N9: =cloudSense[[#This Row],[allocated_cost]]-cloudSense[[#This Row],[actual_used_cost]] -> 450 | O9: =(cloudSense[[#This Row],[allocated_cost]]-cloudSense[[#This Row],[actual_used_cost]])/cloudSense[[#This Row],[allocated_cost]]*100 -> 75
A10: 9 | B10: 45662 | C10: EC2 | D10: us-east | E10: 90 | F10: 250 | G10: 500 | H10: 480 | I10: Active | J10: =UPPER(TRIM(cloudSense[[#This Row],[service_name]])) -> EC2 | K10: =LOWER(TRIM(cloudSense[[#This Row],[region]])) -> us-east | L10: =PROPER(TRIM(cloudSense[[#This Row],[resource_status]])) -> Active | N10: =cloudSense[[#This Row],[allocated_cost]]-cloudSense[[#This Row],[actual_used_cost]] -> 20 | O10: =(cloudSense[[#This Row],[allocated_cost]]-cloudSense[[#This Row],[actual_used_cost]])/cloudSense[[#This Row],[allocated_cost]]*100 -> 4
A11: 10 | B11: 45662 | C11: S3 | D11: us-west | E11: 45 | F11: 500 | G11: 700 | H11: 400 | I11: Active | J11: =UPPER(TRIM(cloudSense[[#This Row],[service_name]])) -> S3 | K11: =LOWER(TRIM(cloudSense[[#This Row],[region]])) -> us-west | L11: =PROPER(TRIM(cloudSense[[#This Row],[resource_status]])) -> Active | N11: =cloudSense[[#This Row],[allocated_cost]]-cloudSense[[#This Row],[actual_used_cost]] -> 300 | O11: =(cloudSense[[#This Row],[allocated_cost]]-cloudSense[[#This Row],[actual_used_cost]])/cloudSense[[#This Row],[allocated_cost]]*100 -> 42.857143
A12: 11 | B12: 45663 | C12: ec2 | D12: us-east | E12: 8 | F12: 80 | G12: 500 | H12: 60 | I12: Idle | J12: =UPPER(TRIM(cloudSense[[#This Row],[service_name]])) -> EC2 | K12: =LOWER(TRIM(cloudSense[[#This Row],[region]])) -> us-east | L12: =PROPER(TRIM(cloudSense[[#This Row],[resource_status]])) -> Idle | N12: =cloudSense[[#This Row],[allocated_cost]]-cloudSense[[#This Row],[actual_used_cost]] -> 440 | O12: =(cloudSense[[#This Row],[allocated_cost]]-cloudSense[[#This Row],[actual_used_cost]])/cloudSense[[#This Row],[allocated_cost]]*100 -> 88
A13: 12 | B13: 45663 | C13: RDS | D13: asia-south | E13: 72 | F13: 350 | G13: 600 | H13: 590 | I13: Active | J13: =UPPER(TRIM(cloudSense[[#This Row],[service_name]])) -> RDS | K13: =LOWER(TRIM(cloudSense[[#This Row],[region]])) -> asia-south | L13: =PROPER(TRIM(cloudSense[[#This Row],[resource_status]])) -> Active | N13: =cloudSense[[#This Row],[allocated_cost]]-cloudSense[[#This Row],[actual_used_cost]] -> 10 | O13: =(cloudSense[[#This Row],[allocated_cost]]-cloudSense[[#This Row],[actual_used_cost]])/cloudSense[[#This Row],[allocated_cost]]*100 -> 1.6666667
A14: 13 | B14: 45664 | C14: Lambda | D14: us-west | E14: 3 | F14: 15 | G14: 200 | H14: 40 | I14: Idle | J14: =UPPER(TRIM(cloudSense[[#This Row],[service_name]])) -> LAMBDA | K14: =LOWER(TRIM(cloudSense[[#This Row],[region]])) -> us-west | L14: =PROPER(TRIM(cloudSense[[#This Row],[resource_status]])) -> Idle | N14: =cloudSense[[#This Row],[allocated_cost]]-cloudSense[[#This Row],[actual_used_cost]] -> 160 | O14: =(cloudSense[[#This Row],[allocated_cost]]-cloudSense[[#This Row],[actual_used_cost]])/cloudSense[[#This Row],[allocated_cost]]*100 -> 80
A15: 14 | B15: 45664 | C15: S3 | D15: us-west | E15: 88 | F15: 520 | G15: 700 | H15: 680 | I15: Active | J15: =UPPER(TRIM(cloudSense[[#This Row],[service_name]])) -> S3 | K15: =LOWER(TRIM(cloudSense[[#This Row],[region]])) -> us-west | L15: =PROPER(TRIM(cloudSense[[#This Row],[resource_status]])) -> Active | N15: =cloudSense[[#This Row],[allocated_cost]]-cloudSense[[#This Row],[actual_used_cost]] -> 20 | O15: =(cloudSense[[#This Row],[allocated_cost]]-cloudSense[[#This Row],[actual_used_cost]])/cloudSense[[#This Row],[allocated_cost]]*100 -> 2.8571429
A16: 15 | B16: 45665 | C16: EC2 | D16: us-east | E16: 25 | F16: 140 | G16: 500 | H16: 260 | I16: Active | J16: =UPPER(TRIM(cloudSense[[#This Row],[service_name]])) -> EC2 | K16: =LOWER(TRIM(cloudSense[[#This Row],[region]])) -> us-east | L16: =PROPER(TRIM(cloudSense[[#This Row],[resource_status]])) -> Active | N16: =cloudSense[[#This Row],[allocated_cost]]-cloudSense[[#This Row],[actual_used_cost]] -> 240 | O16: =(cloudSense[[#This Row],[allocated_cost]]-cloudSense[[#This Row],[actual_used_cost]])/cloudSense[[#This Row],[allocated_cost]]*100 -> 48
A17: 16 | B17: 45665 | C17: RDS | D17: eu-central | F17: 280 | G17: 600 | H17: 400 | I17: Idle | J17: =UPPER(TRIM(cloudSense[[#This Row],[service_name]])) -> RDS | K17: =LOWER(TRIM(cloudSense[[#This Row],[region]])) -> eu-central | L17: =PROPER(TRIM(cloudSense[[#This Row],[resource_status]])) -> Idle | N17: =cloudSense[[#This Row],[allocated_cost]]-cloudSense[[#This Row],[actual_used_cost]] -> 200 | O17: =(cloudSense[[#This Row],[allocated_cost]]-cloudSense[[#This Row],[actual_used_cost]])/cloudSense[[#This Row],[allocated_cost]]*100 -> 33.333333
A18: 17 | B18: 45666 | C18: Lambda | D18: asia-south | E18: 6 | F18: 25 | G18: 200 | H18: 55 | I18: Idle | J18: =UPPER(TRIM(cloudSense[[#This Row],[service_name]])) -> LAMBDA | K18: =LOWER(TRIM(cloudSense[[#This Row],[region]])) -> asia-south | L18: =PROPER(TRIM(cloudSense[[#This Row],[resource_status]])) -> Idle | N18: =cloudSense[[#This Row],[allocated_cost]]-cloudSense[[#This Row],[actual_used_cost]] -> 145 | O18: =(cloudSense[[#This Row],[allocated_cost]]-cloudSense[[#This Row],[actual_used_cost]])/cloudSense[[#This Row],[allocated_cost]]*100 -> 72.5
A19: 18 | B19: 45666 | C19: S3 | D19: us-west | E19: 92 | F19: 550 | G19: 700 | H19: 700 | I19: Active | J19: =UPPER(TRIM(cloudSense[[#This Row],[service_name]])) -> S3 | K19: =LOWER(TRIM(cloudSense[[#This Row],[region]])) -> us-west | L19: =PROPER(TRIM(cloudSense[[#This Row],[resource_status]])) -> Active | N19: =cloudSense[[#This Row],[allocated_cost]]-cloudSense[[#This Row],[actual_used_cost]] -> 0 | O19: =(cloudSense[[#This Row],[allocated_cost]]-cloudSense[[#This Row],[actual_used_cost]])/cloudSense[[#This Row],[allocated_cost]]*100 -> 0
A20: 19 | B20: 45667 | C20: ec2 | D20: us-east | E20: 15 | F20: 100 | G20: 500 | H20: 150 | I20: idle | J20: =UPPER(TRIM(cloudSense[[#This Row],[service_name]])) -> EC2 | K20: =LOWER(TRIM(cloudSense[[#This Row],[region]])) -> us-east | L20: =PROPER(TRIM(cloudSense[[#This Row],[resource_status]])) -> Idle | N20: =cloudSense[[#This Row],[allocated_cost]]-cloudSense[[#This Row],[actual_used_cost]] -> 350 | O20: =(cloudSense[[#This Row],[allocated_cost]]-cloudSense[[#This Row],[actual_used_cost]])/cloudSense[[#This Row],[allocated_cost]]*100 -> 70
A21: 20 | B21: 45667 | C21: RDS | D21: EU-CENTRAL | E21: 60 | F21: 310 | G21: 600 | H21: 570 | I21: Active | J21: =UPPER(TRIM(cloudSense[[#This Row],[service_name]])) -> RDS | K21: =LOWER(TRIM(cloudSense[[#This Row],[region]])) -> eu-central | L21: =PROPER(TRIM(cloudSense[[#This Row],[resource_status]])) -> Active | N21: =cloudSense[[#This Row],[allocated_cost]]-cloudSense[[#This Row],[actual_used_cost]] -> 30 | O21: =(cloudSense[[#This Row],[allocated_cost]]-cloudSense[[#This Row],[actual_used_cost]])/cloudSense[[#This Row],[allocated_cost]]*100 -> 5
A22: 21 | B22: 45668 | C22: EC2 | D22: us-east | E22: 30 | F22: 160 | G22: 500 | H22: 280 | I22: Active | J22: =UPPER(TRIM(cloudSense[[#This Row],[service_name]])) -> EC2 | K22: =LOWER(TRIM(cloudSense[[#This Row],[region]])) -> us-east | L22: =PROPER(TRIM(cloudSense[[#This Row],[resource_status]])) -> Active | N22: =cloudSense[[#This Row],[allocated_cost]]-cloudSense[[#This Row],[actual_used_cost]] -> 220 | O22: =(cloudSense[[#This Row],[allocated_cost]]-cloudSense[[#This Row],[actual_used_cost]])/cloudSense[[#This Row],[allocated_cost]]*100 -> 44
A23: 22 | B23: 45668 | C23: S3 | D23: us-west | E23: 70 | F23: 430 | G23: 700 | H23: 620 | I23: Active | J23: =UPPER(TRIM(cloudSense[[#This Row],[service_name]])) -> S3 | K23: =LOWER(TRIM(cloudSense[[#This Row],[region]])) -> us-west | L23: =PROPER(TRIM(cloudSense[[#This Row],[resource_status]])) -> Active | N23: =cloudSense[[#This Row],[allocated_cost]]-cloudSense[[#This Row],[actual_used_cost]] -> 80 | O23: =(cloudSense[[#This Row],[allocated_cost]]-cloudSense[[#This Row],[actual_used_cost]])/cloudSense[[#This Row],[allocated_cost]]*100 -> 11.428571
A24: 23 | B24: 45669 | C24: ec2 | D24: us-east | E24: 10 | F24: 95 | G24: 500 | H24: 100 | I24: Idle | J24: =UPPER(TRIM(cloudSense[[#This Row],[service_name]])) -> EC2 | K24: =LOWER(TRIM(cloudSense[[#This Row],[region]])) -> us-east | L24: =PROPER(TRIM(cloudSense[[#This Row],[resource_status]])) -> Idle | N24: =cloudSense[[#This Row],[allocated_cost]]-cloudSense[[#This Row],[actual_used_cost]] -> 400 | O24: =(cloudSense[[#This Row],[allocated_cost]]-cloudSense[[#This Row],[actual_used_cost]])/cloudSense[[#This Row],[allocated_cost]]*100 -> 80
A25: 24 | B25: 45669 | C25: RDS | D25: eu-central | E25: 55 | F25: 290 | G25: 600 | H25: 500 | I25: Active | J25: =UPPER(TRIM(cloudSense[[#This Row],[service_name]])) -> RDS | K25: =LOWER(TRIM(cloudSense[[#This Row],[region]])) -> eu-central | L25: =PROPER(TRIM(cloudSense[[#This Row],[resource_status]])) -> Active | N25: =cloudSense[[#This Row],[allocated_cost]]-cloudSense[[#This Row],[actual_used_cost]] -> 100 | O25: =(cloudSense[[#This Row],[allocated_cost]]-cloudSense[[#This Row],[actual_used_cost]])/cloudSense[[#This Row],[allocated_cost]]*100 -> 16.666667
A26: 25 | B26: 45670 | C26: Lambda | D26: asia-south | E26: 4 | F26: 18 | G26: 200 | H26: 45 | I26: Idle | J26: =UPPER(TRIM(cloudSense[[#This Row],[service_name]])) -> LAMBDA | K26: =LOWER(TRIM(cloudSense[[#This Row],[region]])) -> asia-south | L26: =PROPER(TRIM(cloudSense[[#This Row],[resource_status]])) -> Idle | N26: =cloudSense[[#This Row],[allocated_cost]]-cloudSense[[#This Row],[actual_used_cost]] -> 155 | O26: =(cloudSense[[#This Row],[allocated_cost]]-cloudSense[[#This Row],[actual_used_cost]])/cloudSense[[#This Row],[allocated_cost]]*100 -> 77.5
A27: 26 | B27: 45670 | C27: S3 | D27: us-west | E27: 80 | F27: 480 | G27: 700 | H27: 650 | I27: Active | J27: =UPPER(TRIM(cloudSense[[#This Row],[service_name]])) -> S3 | K27: =LOWER(TRIM(cloudSense[[#This Row],[region]])) -> us-west | L27: =PROPER(TRIM(cloudSense[[#This Row],[resource_status]])) -> Active | N27: =cloudSense[[#This Row],[allocated_cost]]-cloudSense[[#This Row],[actual_used_cost]] -> 50 | O27: =(cloudSense[[#This Row],[allocated_cost]]-cloudSense[[#This Row],[actual_used_cost]])/cloudSense[[#This Row],[allocated_cost]]*100 -> 7.1428571
A28: 27 | B28: 45671 | C28: EC2 | D28: us-east | E28: 35 | F28: 170 | G28: 500 | H28: 320 | I28: Active | J28: =UPPER(TRIM(cloudSense[[#This Row],[service_name]])) -> EC2 | K28: =LOWER(TRIM(cloudSense[[#This Row],[region]])) -> us-east | L28: =PROPER(TRIM(cloudSense[[#This Row],[resource_status]])) -> Active | N28: =cloudSense[[#This Row],[allocated_cost]]-cloudSense[[#This Row],[actual_used_cost]] -> 180 | O28: =(cloudSense[[#This Row],[allocated_cost]]-cloudSense[[#This Row],[actual_used_cost]])/cloudSense[[#This Row],[allocated_cost]]*100 -> 36
A29: 28 | B29: 45671 | C29: RDS | D29: EU-CENTRAL | E29: 20 | F29: 210 | G29: 600 | H29: 160 | I29: Idle | J29: =UPPER(TRIM(cloudSense[[#This Row],[service_name]])) -> RDS | K29: =LOWER(TRIM(cloudSense[[#This Row],[region]])) -> eu-central | L29: =PROPER(TRIM(cloudSense[[#This Row],[resource_status]])) -> Idle | N29: =cloudSense[[#This Row],[allocated_cost]]-cloudSense[[#This Row],[actual_used_cost]] -> 440 | O29: =(cloudSense[[#This Row],[allocated_cost]]-cloudSense[[#This Row],[actual_used_cost]])/cloudSense[[#This Row],[allocated_cost]]*100 -> 73.333333
... A36: 35 | B36: 45675 | C36: EC2 | D36: us-east | E36: 28 | F36: 145 | G36: 500 | H36: 270 | I36: Active | J36: =UPPER(TRIM(cloudSense[[#This Row],[service_name]])) -> EC2 | K36: =LOWER(TRIM(cloudSense[[#This Row],[region]])) -> us-east | L36: =PROPER(TRIM(cloudSense[[#This Row],[resource_status]])) -> Active | N36: =cloudSense[[#This Row],[allocated_cost]]-cloudSense[[#This Row],[actual_used_cost]] -> 230 | O36: =(cloudSense[[#This Row],[allocated_cost]]-cloudSense[[#This Row],[actual_used_cost]])/cloudSense[[#This Row],[allocated_cost]]*100 -> 46
A37: 36 | B37: 45675 | C37: RDS | D37: eu-central | F37: 275 | G37: 600 | H37: 390 | I37: Idle | J37: =UPPER(TRIM(cloudSense[[#This Row],[service_name]])) -> RDS | K37: =LOWER(TRIM(cloudSense[[#This Row],[region]])) -> eu-central | L37: =PROPER(TRIM(cloudSense[[#This Row],[resource_status]])) -> Idle | N37: =cloudSense[[#This Row],[allocated_cost]]-cloudSense[[#This Row],[actual_used_cost]] -> 210 | O37: =(cloudSense[[#This Row],[allocated_cost]]-cloudSense[[#This Row],[actual_used_cost]])/cloudSense[[#This Row],[allocated_cost]]*100 -> 35
A38: 37 | B38: 45676 | C38: Lambda | D38: asia-south | E38: 7 | F38: 28 | G38: 200 | H38: 60 | I38: Idle | J38: =UPPER(TRIM(cloudSense[[#This Row],[service_name]])) -> LAMBDA | K38: =LOWER(TRIM(cloudSense[[#This Row],[region]])) -> asia-south | L38: =PROPER(TRIM(cloudSense[[#This Row],[resource_status]])) -> Idle | N38: =cloudSense[[#This Row],[allocated_cost]]-cloudSense[[#This Row],[actual_used_cost]] -> 140 | O38: =(cloudSense[[#This Row],[allocated_cost]]-cloudSense[[#This Row],[actual_used_cost]])/cloudSense[[#This Row],[allocated_cost]]*100 -> 70
A39: 38 | B39: 45676 | C39: S3 | D39: us-west | E39: 93 | F39: 560 | G39: 700 | H39: 700 | I39: Active | J39: =UPPER(TRIM(cloudSense[[#This Row],[service_name]])) -> S3 | K39: =LOWER(TRIM(cloudSense[[#This Row],[region]])) -> us-west | L39: =PROPER(TRIM(cloudSense[[#This Row],[resource_status]])) -> Active | N39: =cloudSense[[#This Row],[allocated_cost]]-cloudSense[[#This Row],[actual_used_cost]] -> 0 | O39: =(cloudSense[[#This Row],[allocated_cost]]-cloudSense[[#This Row],[actual_used_cost]])/cloudSense[[#This Row],[allocated_cost]]*100 -> 0
A40: 39 | B40: 45677 | C40: ec2 | D40: us-east | E40: 14 | F40: 105 | G40: 500 | H40: 160 | I40: idle | J40: =UPPER(TRIM(cloudSense[[#This Row],[service_name]])) -> EC2 | K40: =LOWER(TRIM(cloudSense[[#This Row],[region]])) -> us-east | L40: =PROPER(TRIM(cloudSense[[#This Row],[resource_status]])) -> Idle | N40: =cloudSense[[#This Row],[allocated_cost]]-cloudSense[[#This Row],[actual_used_cost]] -> 340 | O40: =(cloudSense[[#This Row],[allocated_cost]]-cloudSense[[#This Row],[actual_used_cost]])/cloudSense[[#This Row],[allocated_cost]]*100 -> 68
A41: 40 | B41: 45677 | C41: RDS | D41: EU-CENTRAL | E41: 62 | F41: 315 | G41: 600 | H41: 575 | I41: Active | J41: =UPPER(TRIM(cloudSense[[#This Row],[service_name]])) -> RDS | K41: =LOWER(TRIM(cloudSense[[#This Row],[region]])) -> eu-central | L41: =PROPER(TRIM(cloudSense[[#This Row],[resource_status]])) -> Active | N41: =cloudSense[[#This Row],[allocated_cost]]-cloudSense[[#This Row],[actual_used_cost]] -> 25 | O41: =(cloudSense[[#This Row],[allocated_cost]]-cloudSense[[#This Row],[actual_used_cost]])/cloudSense[[#This Row],[allocated_cost]]*100 -> 4.1666667
A42: 41 | B42: 45678 | C42: EC2 | D42: us-east | E42: 32 | F42: 165 | G42: 500 | H42: 285 | I42: Active | J42: =UPPER(TRIM(cloudSense[[#This Row],[service_name]])) -> EC2 | K42: =LOWER(TRIM(cloudSense[[#This Row],[region]])) -> us-east | L42: =PROPER(TRIM(cloudSense[[#This Row],[resource_status]])) -> Active | N42: =cloudSense[[#This Row],[allocated_cost]]-cloudSense[[#This Row],[actual_used_cost]] -> 215 | O42: =(cloudSense[[#This Row],[allocated_cost]]-cloudSense[[#This Row],[actual_used_cost]])/cloudSense[[#This Row],[allocated_cost]]*100 -> 43
A43: 42 | B43: 45678 | C43: S3 | D43: us-west | E43: 72 | F43: 440 | G43: 700 | H43: 630 | I43: Active | J43: =UPPER(TRIM(cloudSense[[#This Row],[service_name]])) -> S3 | K43: =LOWER(TRIM(cloudSense[[#This Row],[region]])) -> us-west | L43: =PROPER(TRIM(cloudSense[[#This Row],[resource_status]])) -> Active | N43: =cloudSense[[#This Row],[allocated_cost]]-cloudSense[[#This Row],[actual_used_cost]] -> 70 | O43: =(cloudSense[[#This Row],[allocated_cost]]-cloudSense[[#This Row],[actual_used_cost]])/cloudSense[[#This Row],[allocated_cost]]*100 -> 10
A44: 43 | B44: 45679 | C44: ec2 | D44: us-east | E44: 11 | F44: 98 | G44: 500 | H44: 110 | I44: Idle | J44: =UPPER(TRIM(cloudSense[[#This Row],[service_name]])) -> EC2 | K44: =LOWER(TRIM(cloudSense[[#This Row],[region]])) -> us-east | L44: =PROPER(TRIM(cloudSense[[#This Row],[resource_status]])) -> Idle | N44: =cloudSense[[#This Row],[allocated_cost]]-cloudSense[[#This Row],[actual_used_cost]] -> 390 | O44: =(cloudSense[[#This Row],[allocated_cost]]-cloudSense[[#This Row],[actual_used_cost]])/cloudSense[[#This Row],[allocated_cost]]*100 -> 78
A45: 44 | B45: 45679 | C45: RDS | D45: eu-central | E45: 58 | F45: 295 | G45: 600 | H45: 505 | I45: Active | J45: =UPPER(TRIM(cloudSense[[#This Row],[service_name]])) -> RDS | K45: =LOWER(TRIM(cloudSense[[#This Row],[region]])) -> eu-central | L45: =PROPER(TRIM(cloudSense[[#This Row],[resource_status]])) -> Active | N45: =cloudSense[[#This Row],[allocated_cost]]-cloudSense[[#This Row],[actual_used_cost]] -> 95 | O45: =(cloudSense[[#This Row],[allocated_cost]]-cloudSense[[#This Row],[actual_used_cost]])/cloudSense[[#This Row],[allocated_cost]]*100 -> 15.833333
A46: 45 | B46: 45680 | C46: Lambda | D46: asia-south | E46: 5 | F46: 20 | G46: 200 | H46: 50 | I46: Idle | J46: =UPPER(TRIM(cloudSense[[#This Row],[service_name]])) -> LAMBDA | K46: =LOWER(TRIM(cloudSense[[#This Row],[region]])) -> asia-south | L46: =PROPER(TRIM(cloudSense[[#This Row],[resource_status]])) -> Idle | N46: =cloudSense[[#This Row],[allocated_cost]]-cloudSense[[#This Row],[actual_used_cost]] -> 150 | O46: =(cloudSense[[#This Row],[allocated_cost]]-cloudSense[[#This Row],[actual_used_cost]])/cloudSense[[#This Row],[allocated_cost]]*100 -> 75
A47: 46 | B47: 45680 | C47: S3 | D47: us-west | E47: 82 | F47: 485 | G47: 700 | H47: 655 | I47: Active | J47: =UPPER(TRIM(cloudSense[[#This Row],[service_name]])) -> S3 | K47: =LOWER(TRIM(cloudSense[[#This Row],[region]])) -> us-west | L47: =PROPER(TRIM(cloudSense[[#This Row],[resource_status]])) -> Active | N47: =cloudSense[[#This Row],[allocated_cost]]-cloudSense[[#This Row],[actual_used_cost]] -> 45 | O47: =(cloudSense[[#This Row],[allocated_cost]]-cloudSense[[#This Row],[actual_used_cost]])/cloudSense[[#This Row],[allocated_cost]]*100 -> 6.4285714
A48: 47 | B48: 45681 | C48: EC2 | D48: us-east | E48: 37 | F48: 175 | G48: 500 | H48: 330 | I48: Active | J48: =UPPER(TRIM(cloudSense[[#This Row],[service_name]])) -> EC2 | K48: =LOWER(TRIM(cloudSense[[#This Row],[region]])) -> us-east | L48: =PROPER(TRIM(cloudSense[[#This Row],[resource_status]])) -> Active | N48: =cloudSense[[#This Row],[allocated_cost]]-cloudSense[[#This Row],[actual_used_cost]] -> 170 | O48: =(cloudSense[[#This Row],[allocated_cost]]-cloudSense[[#This Row],[actual_used_cost]])/cloudSense[[#This Row],[allocated_cost]]*100 -> 34
A49: 48 | B49: 45681 | C49: RDS | D49: EU-CENTRAL | E49: 22 | F49: 215 | G49: 600 | H49: 170 | I49: Idle | J49: =UPPER(TRIM(cloudSense[[#This Row],[service_name]])) -> RDS | K49: =LOWER(TRIM(cloudSense[[#This Row],[region]])) -> eu-central | L49: =PROPER(TRIM(cloudSense[[#This Row],[resource_status]])) -> Idle | N49: =cloudSense[[#This Row],[allocated_cost]]-cloudSense[[#This Row],[actual_used_cost]] -> 430 | O49: =(cloudSense[[#This Row],[allocated_cost]]-cloudSense[[#This Row],[actual_used_cost]])/cloudSense[[#This Row],[allocated_cost]]*100 -> 71.666667
... A56: 55 | B56: 45685 | C56: EC2 | D56: us-east | E56: 29 | F56: 148 | G56: 500 | H56: 275 | I56: Active | J56: =UPPER(TRIM(cloudSense[[#This Row],[service_name]])) -> EC2 | K56: =LOWER(TRIM(cloudSense[[#This Row],[region]])) -> us-east | L56: =PROPER(TRIM(cloudSense[[#This Row],[resource_status]])) -> Active | N56: =cloudSense[[#This Row],[allocated_cost]]-cloudSense[[#This Row],[actual_used_cost]] -> 225 | O56: =(cloudSense[[#This Row],[allocated_cost]]-cloudSense[[#This Row],[actual_used_cost]])/cloudSense[[#This Row],[allocated_cost]]*100 -> 45
A57: 56 | B57: 45685 | C57: RDS | D57: eu-central | F57: 278 | G57: 600 | H57: 395 | I57: Idle | J57: =UPPER(TRIM(cloudSense[[#This Row],[service_name]])) -> RDS | K57: =LOWER(TRIM(cloudSense[[#This Row],[region]])) -> eu-central | L57: =PROPER(TRIM(cloudSense[[#This Row],[resource_status]])) -> Idle | N57: =cloudSense[[#This Row],[allocated_cost]]-cloudSense[[#This Row],[actual_used_cost]] -> 205 | O57: =(cloudSense[[#This Row],[allocated_cost]]-cloudSense[[#This Row],[actual_used_cost]])/cloudSense[[#This Row],[allocated_cost]]*100 -> 34.166667
A58: 57 | B58: 45686 | C58: Lambda | D58: asia-south | E58: 6 | F58: 26 | G58: 200 | H58: 58 | I58: Idle | J58: =UPPER(TRIM(cloudSense[[#This Row],[service_name]])) -> LAMBDA | K58: =LOWER(TRIM(cloudSense[[#This Row],[region]])) -> asia-south | L58: =PROPER(TRIM(cloudSense[[#This Row],[resource_status]])) -> Idle | N58: =cloudSense[[#This Row],[allocated_cost]]-cloudSense[[#This Row],[actual_used_cost]] -> 142 | O58: =(cloudSense[[#This Row],[allocated_cost]]-cloudSense[[#This Row],[actual_used_cost]])/cloudSense[[#This Row],[allocated_cost]]*100 -> 71
A59: 58 | B59: 45686 | C59: S3 | D59: us-west | E59: 94 | F59: 565 | G59: 700 | H59: 700 | I59: Active | J59: =UPPER(TRIM(cloudSense[[#This Row],[service_name]])) -> S3 | K59: =LOWER(TRIM(cloudSense[[#This Row],[region]])) -> us-west | L59: =PROPER(TRIM(cloudSense[[#This Row],[resource_status]])) -> Active | N59: =cloudSense[[#This Row],[allocated_cost]]-cloudSense[[#This Row],[actual_used_cost]] -> 0 | O59: =(cloudSense[[#This Row],[allocated_cost]]-cloudSense[[#This Row],[actual_used_cost]])/cloudSense[[#This Row],[allocated_cost]]*100 -> 0
A60: 59 | B60: 45687 | C60: ec2 | D60: us-east | E60: 16 | F60: 108 | G60: 500 | H60: 170 | I60: idle | J60: =UPPER(TRIM(cloudSense[[#This Row],[service_name]])) -> EC2 | K60: =LOWER(TRIM(cloudSense[[#This Row],[region]])) -> us-east | L60: =PROPER(TRIM(cloudSense[[#This Row],[resource_status]])) -> Idle | N60: =cloudSense[[#This Row],[allocated_cost]]-cloudSense[[#This Row],[actual_used_cost]] -> 330 | O60: =(cloudSense[[#This Row],[allocated_cost]]-cloudSense[[#This Row],[actual_used_cost]])/cloudSense[[#This Row],[allocated_cost]]*100 -> 66
A61: 60 | B61: 45687 | C61: RDS | D61: EU-CENTRAL | E61: 64 | F61: 318 | G61: 600 | H61: 578 | I61: Active | J61: =UPPER(TRIM(cloudSense[[#This Row],[service_name]])) -> RDS | K61: =LOWER(TRIM(cloudSense[[#This Row],[region]])) -> eu-central | L61: =PROPER(TRIM(cloudSense[[#This Row],[resource_status]])) -> Active | N61: =cloudSense[[#This Row],[allocated_cost]]-cloudSense[[#This Row],[actual_used_cost]] -> 22 | O61: =(cloudSense[[#This Row],[allocated_cost]]-cloudSense[[#This Row],[actual_used_cost]])/cloudSense[[#This Row],[allocated_cost]]*100 -> 3.6666667
A62: 61 | B62: 45688 | C62: EC2 | D62: us-east | E62: 34 | F62: 168 | G62: 500 | H62: 290 | I62: Active | J62: =UPPER(TRIM(cloudSense[[#This Row],[service_name]])) -> EC2 | K62: =LOWER(TRIM(cloudSense[[#This Row],[region]])) -> us-east | L62: =PROPER(TRIM(cloudSense[[#This Row],[resource_status]])) -> Active | N62: =cloudSense[[#This Row],[allocated_cost]]-cloudSense[[#This Row],[actual_used_cost]] -> 210 | O62: =(cloudSense[[#This Row],[allocated_cost]]-cloudSense[[#This Row],[actual_used_cost]])/cloudSense[[#This Row],[allocated_cost]]*100 -> 42
A63: 62 | B63: 45688 | C63: S3 | D63: us-west | E63: 74 | F63: 445 | G63: 700 | H63: 635 | I63: Active | J63: =UPPER(TRIM(cloudSense[[#This Row],[service_name]])) -> S3 | K63: =LOWER(TRIM(cloudSense[[#This Row],[region]])) -> us-west | L63: =PROPER(TRIM(cloudSense[[#This Row],[resource_status]])) -> Active | N63: =cloudSense[[#This Row],[allocated_cost]]-cloudSense[[#This Row],[actual_used_cost]] -> 65 | O63: =(cloudSense[[#This Row],[allocated_cost]]-cloudSense[[#This Row],[actual_used_cost]])/cloudSense[[#This Row],[allocated_cost]]*100 -> 9.2857143
A64: 63 | B64: 45689 | C64: ec2 | D64: us-east | E64: 12 | F64: 100 | G64: 500 | H64: 115 | I64: Idle | J64: =UPPER(TRIM(cloudSense[[#This Row],[service_name]])) -> EC2 | K64: =LOWER(TRIM(cloudSense[[#This Row],[region]])) -> us-east | L64: =PROPER(TRIM(cloudSense[[#This Row],[resource_status]])) -> Idle | N64: =cloudSense[[#This Row],[allocated_cost]]-cloudSense[[#This Row],[actual_used_cost]] -> 385 | O64: =(cloudSense[[#This Row],[allocated_cost]]-cloudSense[[#This Row],[actual_used_cost]])/cloudSense[[#This Row],[allocated_cost]]*100 -> 77
A65: 64 | B65: 45689 | C65: RDS | D65: eu-central | E65: 59 | F65: 300 | G65: 600 | H65: 510 | I65: Active | J65: =UPPER(TRIM(cloudSense[[#This Row],[service_name]])) -> RDS | K65: =LOWER(TRIM(cloudSense[[#This Row],[region]])) -> eu-central | L65: =PROPER(TRIM(cloudSense[[#This Row],[resource_status]])) -> Active | N65: =cloudSense[[#This Row],[allocated_cost]]-cloudSense[[#This Row],[actual_used_cost]] -> 90 | O65: =(cloudSense[[#This Row],[allocated_cost]]-cloudSense[[#This Row],[actual_used_cost]])/cloudSense[[#This Row],[allocated_cost]]*100 -> 15
A66: 65 | B66: 45690 | C66: Lambda | D66: asia-south | E66: 5 | F66: 22 | G66: 200 | H66: 52 | I66: Idle | J66: =UPPER(TRIM(cloudSense[[#This Row],[service_name]])) -> LAMBDA | K66: =LOWER(TRIM(cloudSense[[#This Row],[region]])) -> asia-south | L66: =PROPER(TRIM(cloudSense[[#This Row],[resource_status]])) -> Idle | N66: =cloudSense[[#This Row],[allocated_cost]]-cloudSense[[#This Row],[actual_used_cost]] -> 148 | O66: =(cloudSense[[#This Row],[allocated_cost]]-cloudSense[[#This Row],[actual_used_cost]])/cloudSense[[#This Row],[allocated_cost]]*100 -> 74
A67: 66 | B67: 45690 | C67: S3 | D67: us-west | E67: 83 | F67: 490 | G67: 700 | H67: 660 | I67: Active | J67: =UPPER(TRIM(cloudSense[[#This Row],[service_name]])) -> S3 | K67: =LOWER(TRIM(cloudSense[[#This Row],[region]])) -> us-west | L67: =PROPER(TRIM(cloudSense[[#This Row],[resource_status]])) -> Active | N67: =cloudSense[[#This Row],[allocated_cost]]-cloudSense[[#This Row],[actual_used_cost]] -> 40 | O67: =(cloudSense[[#This Row],[allocated_cost]]-cloudSense[[#This Row],[actual_used_cost]])/cloudSense[[#This Row],[allocated_cost]]*100 -> 5.7142857
A68: 67 | B68: 45691 | C68: EC2 | D68: us-east | E68: 38 | F68: 178 | G68: 500 | H68: 335 | I68: Active | J68: =UPPER(TRIM(cloudSense[[#This Row],[service_name]])) -> EC2 | K68: =LOWER(TRIM(cloudSense[[#This Row],[region]])) -> us-east | L68: =PROPER(TRIM(cloudSense[[#This Row],[resource_status]])) -> Active | N68: =cloudSense[[#This Row],[allocated_cost]]-cloudSense[[#This Row],[actual_used_cost]] -> 165 | O68: =(cloudSense[[#This Row],[allocated_cost]]-cloudSense[[#This Row],[actual_used_cost]])/cloudSense[[#This Row],[allocated_cost]]*100 -> 33
A69: 68 | B69: 45691 | C69: RDS | D69: EU-CENTRAL | E69: 23 | F69: 220 | G69: 600 | H69: 175 | I69: Idle | J69: =UPPER(TRIM(cloudSense[[#This Row],[service_name]])) -> RDS | K69: =LOWER(TRIM(cloudSense[[#This Row],[region]])) -> eu-central | L69: =PROPER(TRIM(cloudSense[[#This Row],[resource_status]])) -> Idle | N69: =cloudSense[[#This Row],[allocated_cost]]-cloudSense[[#This Row],[actual_used_cost]] -> 425 | O69: =(cloudSense[[#This Row],[allocated_cost]]-cloudSense[[#This Row],[actual_used_cost]])/cloudSense[[#This Row],[allocated_cost]]*100 -> 70.833333
... A76: 75 | B76: 45695 | C76: EC2 | D76: us-east | E76: 31 | F76: 160 | G76: 500 | H76: 280 | I76: Active | J76: =UPPER(TRIM(cloudSense[[#This Row],[service_name]])) -> EC2 | K76: =LOWER(TRIM(cloudSense[[#This Row],[region]])) -> us-east | L76: =PROPER(TRIM(cloudSense[[#This Row],[resource_status]])) -> Active | N76: =cloudSense[[#This Row],[allocated_cost]]-cloudSense[[#This Row],[actual_used_cost]] -> 220 | O76: =(cloudSense[[#This Row],[allocated_cost]]-cloudSense[[#This Row],[actual_used_cost]])/cloudSense[[#This Row],[allocated_cost]]*100 -> 44
A77: 76 | B77: 45695 | C77: RDS | D77: eu-central | F77: 282 | G77: 600 | H77: 398 | I77: Idle | J77: =UPPER(TRIM(cloudSense[[#This Row],[service_name]])) -> RDS | K77: =LOWER(TRIM(cloudSense[[#This Row],[region]])) -> eu-central | L77: =PROPER(TRIM(cloudSense[[#This Row],[resource_status]])) -> Idle | N77: =cloudSense[[#This Row],[allocated_cost]]-cloudSense[[#This Row],[actual_used_cost]] -> 202 | O77: =(cloudSense[[#This Row],[allocated_cost]]-cloudSense[[#This Row],[actual_used_cost]])/cloudSense[[#This Row],[allocated_cost]]*100 -> 33.666667
A78: 77 | B78: 45696 | C78: Lambda | D78: asia-south | E78: 7 | F78: 27 | G78: 200 | H78: 60 | I78: Idle | J78: =UPPER(TRIM(cloudSense[[#This Row],[service_name]])) -> LAMBDA | K78: =LOWER(TRIM(cloudSense[[#This Row],[region]])) -> asia-south | L78: =PROPER(TRIM(cloudSense[[#This Row],[resource_status]])) -> Idle | N78: =cloudSense[[#This Row],[allocated_cost]]-cloudSense[[#This Row],[actual_used_cost]] -> 140 | O78: =(cloudSense[[#This Row],[allocated_cost]]-cloudSense[[#This Row],[actual_used_cost]])/cloudSense[[#This Row],[allocated_cost]]*100 -> 70
A79: 78 | B79: 45696 | C79: S3 | D79: us-west | E79: 95 | F79: 570 | G79: 700 | H79: 700 | I79: Active | J79: =UPPER(TRIM(cloudSense[[#This Row],[service_name]])) -> S3 | K79: =LOWER(TRIM(cloudSense[[#This Row],[region]])) -> us-west | L79: =PROPER(TRIM(cloudSense[[#This Row],[resource_status]])) -> Active | N79: =cloudSense[[#This Row],[allocated_cost]]-cloudSense[[#This Row],[actual_used_cost]] -> 0 | O79: =(cloudSense[[#This Row],[allocated_cost]]-cloudSense[[#This Row],[actual_used_cost]])/cloudSense[[#This Row],[allocated_cost]]*100 -> 0
A80: 79 | B80: 45697 | C80: ec2 | D80: us-east | E80: 17 | F80: 110 | G80: 500 | H80: 175 | I80: idle | J80: =UPPER(TRIM(cloudSense[[#This Row],[service_name]])) -> EC2 | K80: =LOWER(TRIM(cloudSense[[#This Row],[region]])) -> us-east | L80: =PROPER(TRIM(cloudSense[[#This Row],[resource_status]])) -> Idle | N80: =cloudSense[[#This Row],[allocated_cost]]-cloudSense[[#This Row],[actual_used_cost]] -> 325 | O80: =(cloudSense[[#This Row],[allocated_cost]]-cloudSense[[#This Row],[actual_used_cost]])/cloudSense[[#This Row],[allocated_cost]]*100 -> 65
A81: 80 | B81: 45697 | C81: RDS | D81: EU-CENTRAL | E81: 66 | F81: 320 | G81: 600 | H81: 580 | I81: Active | J81: =UPPER(TRIM(cloudSense[[#This Row],[service_name]])) -> RDS | K81: =LOWER(TRIM(cloudSense[[#This Row],[region]])) -> eu-central | L81: =PROPER(TRIM(cloudSense[[#This Row],[resource_status]])) -> Active | N81: =cloudSense[[#This Row],[allocated_cost]]-cloudSense[[#This Row],[actual_used_cost]] -> 20 | O81: =(cloudSense[[#This Row],[allocated_cost]]-cloudSense[[#This Row],[actual_used_cost]])/cloudSense[[#This Row],[allocated_cost]]*100 -> 3.3333333
A82: 81 | B82: 45698 | C82: EC2 | D82: us-east | E82: 35 | F82: 170 | G82: 500 | H82: 295 | I82: Active | J82: =UPPER(TRIM(cloudSense[[#This Row],[service_name]])) -> EC2 | K82: =LOWER(TRIM(cloudSense[[#This Row],[region]])) -> us-east | L82: =PROPER(TRIM(cloudSense[[#This Row],[resource_status]])) -> Active | N82: =cloudSense[[#This Row],[allocated_cost]]-cloudSense[[#This Row],[actual_used_cost]] -> 205 | O82: =(cloudSense[[#This Row],[allocated_cost]]-cloudSense[[#This Row],[actual_used_cost]])/cloudSense[[#This Row],[allocated_cost]]*100 -> 41
A83: 82 | B83: 45698 | C83: S3 | D83: us-west | E83: 75 | F83: 450 | G83: 700 | H83: 640 | I83: Active | J83: =UPPER(TRIM(cloudSense[[#This Row],[service_name]])) -> S3 | K83: =LOWER(TRIM(cloudSense[[#This Row],[region]])) -> us-west | L83: =PROPER(TRIM(cloudSense[[#This Row],[resource_status]])) -> Active | N83: =cloudSense[[#This Row],[allocated_cost]]-cloudSense[[#This Row],[actual_used_cost]] -> 60 | O83: =(cloudSense[[#This Row],[allocated_cost]]-cloudSense[[#This Row],[actual_used_cost]])/cloudSense[[#This Row],[allocated_cost]]*100 -> 8.5714286
A84: 83 | B84: 45699 | C84: ec2 | D84: us-east | E84: 13 | F84: 102 | G84: 500 | H84: 120 | I84: Idle | J84: =UPPER(TRIM(cloudSense[[#This Row],[service_name]])) -> EC2 | K84: =LOWER(TRIM(cloudSense[[#This Row],[region]])) -> us-east | L84: =PROPER(TRIM(cloudSense[[#This Row],[resource_status]])) -> Idle | N84: =cloudSense[[#This Row],[allocated_cost]]-cloudSense[[#This Row],[actual_used_cost]] -> 380 | O84: =(cloudSense[[#This Row],[allocated_cost]]-cloudSense[[#This Row],[actual_used_cost]])/cloudSense[[#This Row],[allocated_cost]]*100 -> 76
A85: 84 | B85: 45699 | C85: RDS | D85: eu-central | E85: 60 | F85: 305 | G85: 600 | H85: 515 | I85: Active | J85: =UPPER(TRIM(cloudSense[[#This Row],[service_name]])) -> RDS | K85: =LOWER(TRIM(cloudSense[[#This Row],[region]])) -> eu-central | L85: =PROPER(TRIM(cloudSense[[#This Row],[resource_status]])) -> Active | N85: =cloudSense[[#This Row],[allocated_cost]]-cloudSense[[#This Row],[actual_used_cost]] -> 85 | O85: =(cloudSense[[#This Row],[allocated_cost]]-cloudSense[[#This Row],[actual_used_cost]])/cloudSense[[#This Row],[allocated_cost]]*100 -> 14.166667
A86: 85 | B86: 45700 | C86: Lambda | D86: asia-south | E86: 5 | F86: 23 | G86: 200 | H86: 53 | I86: Idle | J86: =UPPER(TRIM(cloudSense[[#This Row],[service_name]])) -> LAMBDA | K86: =LOWER(TRIM(cloudSense[[#This Row],[region]])) -> asia-south | L86: =PROPER(TRIM(cloudSense[[#This Row],[resource_status]])) -> Idle | N86: =cloudSense[[#This Row],[allocated_cost]]-cloudSense[[#This Row],[actual_used_cost]] -> 147 | O86: =(cloudSense[[#This Row],[allocated_cost]]-cloudSense[[#This Row],[actual_used_cost]])/cloudSense[[#This Row],[allocated_cost]]*100 -> 73.5
A87: 86 | B87: 45700 | C87: S3 | D87: us-west | E87: 84 | F87: 495 | G87: 700 | H87: 665 | I87: Active | J87: =UPPER(TRIM(cloudSense[[#This Row],[service_name]])) -> S3 | K87: =LOWER(TRIM(cloudSense[[#This Row],[region]])) -> us-west | L87: =PROPER(TRIM(cloudSense[[#This Row],[resource_status]])) -> Active | N87: =cloudSense[[#This Row],[allocated_cost]]-cloudSense[[#This Row],[actual_used_cost]] -> 35 | O87: =(cloudSense[[#This Row],[allocated_cost]]-cloudSense[[#This Row],[actual_used_cost]])/cloudSense[[#This Row],[allocated_cost]]*100 -> 5
A88: 87 | B88: 45701 | C88: EC2 | D88: us-east | E88: 39 | F88: 180 | G88: 500 | H88: 340 | I88: Active | J88: =UPPER(TRIM(cloudSense[[#This Row],[service_name]])) -> EC2 | K88: =LOWER(TRIM(cloudSense[[#This Row],[region]])) -> us-east | L88: =PROPER(TRIM(cloudSense[[#This Row],[resource_status]])) -> Active | N88: =cloudSense[[#This Row],[allocated_cost]]-cloudSense[[#This Row],[actual_used_cost]] -> 160 | O88: =(cloudSense[[#This Row],[allocated_cost]]-cloudSense[[#This Row],[actual_used_cost]])/cloudSense[[#This Row],[allocated_cost]]*100 -> 32
A89: 88 | B89: 45701 | C89: RDS | D89: EU-CENTRAL | E89: 24 | F89: 225 | G89: 600 | H89: 180 | I89: Idle | J89: =UPPER(TRIM(cloudSense[[#This Row],[service_name]])) -> RDS | K89: =LOWER(TRIM(cloudSense[[#This Row],[region]])) -> eu-central | L89: =PROPER(TRIM(cloudSense[[#This Row],[resource_status]])) -> Idle | N89: =cloudSense[[#This Row],[allocated_cost]]-cloudSense[[#This Row],[actual_used_cost]] -> 420 | O89: =(cloudSense[[#This Row],[allocated_cost]]-cloudSense[[#This Row],[actual_used_cost]])/cloudSense[[#This Row],[allocated_cost]]*100 -> 70
... A96: 95 | B96: 45705 | C96: EC2 | D96: us-east | E96: 33 | F96: 165 | G96: 500 | H96: 285 | I96: Active | J96: =UPPER(TRIM(cloudSense[[#This Row],[service_name]])) -> EC2 | K96: =LOWER(TRIM(cloudSense[[#This Row],[region]])) -> us-east | L96: =PROPER(TRIM(cloudSense[[#This Row],[resource_status]])) -> Active | N96: =cloudSense[[#This Row],[allocated_cost]]-cloudSense[[#This Row],[actual_used_cost]] -> 215 | O96: =(cloudSense[[#This Row],[allocated_cost]]-cloudSense[[#This Row],[actual_used_cost]])/cloudSense[[#This Row],[allocated_cost]]*100 -> 43
A97: 96 | B97: 45705 | C97: RDS | D97: eu-central | F97: 285 | G97: 600 | H97: 400 | I97: Idle | J97: =UPPER(TRIM(cloudSense[[#This Row],[service_name]])) -> RDS | K97: =LOWER(TRIM(cloudSense[[#This Row],[region]])) -> eu-central | L97: =PROPER(TRIM(cloudSense[[#This Row],[resource_status]])) -> Idle | N97: =cloudSense[[#This Row],[allocated_cost]]-cloudSense[[#This Row],[actual_used_cost]] -> 200 | O97: =(cloudSense[[#This Row],[allocated_cost]]-cloudSense[[#This Row],[actual_used_cost]])/cloudSense[[#This Row],[allocated_cost]]*100 -> 33.333333
A98: 97 | B98: 45706 | C98: Lambda | D98: asia-south | E98: 6 | F98: 26 | G98: 200 | H98: 58 | I98: Idle | J98: =UPPER(TRIM(cloudSense[[#This Row],[service_name]])) -> LAMBDA | K98: =LOWER(TRIM(cloudSense[[#This Row],[region]])) -> asia-south | L98: =PROPER(TRIM(cloudSense[[#This Row],[resource_status]])) -> Idle | N98: =cloudSense[[#This Row],[allocated_cost]]-cloudSense[[#This Row],[actual_used_cost]] -> 142 | O98: =(cloudSense[[#This Row],[allocated_cost]]-cloudSense[[#This Row],[actual_used_cost]])/cloudSense[[#This Row],[allocated_cost]]*100 -> 71
A99: 98 | B99: 45706 | C99: S3 | D99: us-west | E99: 96 | F99: 575 | G99: 700 | H99: 700 | I99: Active | J99: =UPPER(TRIM(cloudSense[[#This Row],[service_name]])) -> S3 | K99: =LOWER(TRIM(cloudSense[[#This Row],[region]])) -> us-west | L99: =PROPER(TRIM(cloudSense[[#This Row],[resource_status]])) -> Active | N99: =cloudSense[[#This Row],[allocated_cost]]-cloudSense[[#This Row],[actual_used_cost]] -> 0 | O99: =(cloudSense[[#This Row],[allocated_cost]]-cloudSense[[#This Row],[actual_used_cost]])/cloudSense[[#This Row],[allocated_cost]]*100 -> 0
A100: 99 | B100: 45707 | C100: ec2 | D100: us-east | E100: 18 | F100: 112 | G100: 500 | H100: 180 | I100: idle | J100: =UPPER(TRIM(cloudSense[[#This Row],[service_name]])) -> EC2 | K100: =LOWER(TRIM(cloudSense[[#This Row],[region]])) -> us-east | L100: =PROPER(TRIM(cloudSense[[#This Row],[resource_status]])) -> Idle | N100: =cloudSense[[#This Row],[allocated_cost]]-cloudSense[[#This Row],[actual_used_cost]] -> 320 | O100: =(cloudSense[[#This Row],[allocated_cost]]-cloudSense[[#This Row],[actual_used_cost]])/cloudSense[[#This Row],[allocated_cost]]*100 -> 64
A101: 100 | B101: 45707 | C101: RDS | D101: EU-CENTRAL | E101: 68 | F101: 322 | G101: 600 | H101: 582 | I101: Active | J101: =UPPER(TRIM(cloudSense[[#This Row],[service_name]])) -> RDS | K101: =LOWER(TRIM(cloudSense[[#This Row],[region]])) -> eu-central | L101: =PROPER(TRIM(cloudSense[[#This Row],[resource_status]])) -> Active | N101: =cloudSense[[#This Row],[allocated_cost]]-cloudSense[[#This Row],[actual_used_cost]] -> 18 | O101: =(cloudSense[[#This Row],[allocated_cost]]-cloudSense[[#This Row],[actual_used_cost]])/cloudSense[[#This Row],[allocated_cost]]*100 -> 3
A102: 101 | B102: 45708 | C102: EC2 | D102: us-east | E102: 36 | F102: 172 | G102: 500 | H102: 300 | I102: Active | J102: =UPPER(TRIM(cloudSense[[#This Row],[service_name]])) -> EC2 | K102: =LOWER(TRIM(cloudSense[[#This Row],[region]])) -> us-east | L102: =PROPER(TRIM(cloudSense[[#This Row],[resource_status]])) -> Active | N102: =cloudSense[[#This Row],[allocated_cost]]-cloudSense[[#This Row],[actual_used_cost]] -> 200 | O102: =(cloudSense[[#This Row],[allocated_cost]]-cloudSense[[#This Row],[actual_used_cost]])/cloudSense[[#This Row],[allocated_cost]]*100 -> 40
A103: 102 | B103: 45708 | C103: S3 | D103: us-west | E103: 76 | F103: 455 | G103: 700 | H103: 645 | I103: Active | J103: =UPPER(TRIM(cloudSense[[#This Row],[service_name]])) -> S3 | K103: =LOWER(TRIM(cloudSense[[#This Row],[region]])) -> us-west | L103: =PROPER(TRIM(cloudSense[[#This Row],[resource_status]])) -> Active | N103: =cloudSense[[#This Row],[allocated_cost]]-cloudSense[[#This Row],[actual_used_cost]] -> 55 | O103: =(cloudSense[[#This Row],[allocated_cost]]-cloudSense[[#This Row],[actual_used_cost]])/cloudSense[[#This Row],[allocated_cost]]*100 -> 7.8571429
A104: 103 | B104: 45709 | C104: ec2 | D104: us-east | E104: 14 | F104: 104 | G104: 500 | H104: 125 | I104: Idle | J104: =UPPER(TRIM(cloudSense[[#This Row],[service_name]])) -> EC2 | K104: =LOWER(TRIM(cloudSense[[#This Row],[region]])) -> us-east | L104: =PROPER(TRIM(cloudSense[[#This Row],[resource_status]])) -> Idle | N104: =cloudSense[[#This Row],[allocated_cost]]-cloudSense[[#This Row],[actual_used_cost]] -> 375 | O104: =(cloudSense[[#This Row],[allocated_cost]]-cloudSense[[#This Row],[actual_used_cost]])/cloudSense[[#This Row],[allocated_cost]]*100 -> 75
A105: 104 | B105: 45709 | C105: RDS | D105: eu-central | E105: 61 | F105: 308 | G105: 600 | H105: 518 | I105: Active | J105: =UPPER(TRIM(cloudSense[[#This Row],[service_name]])) -> RDS | K105: =LOWER(TRIM(cloudSense[[#This Row],[region]])) -> eu-central | L105: =PROPER(TRIM(cloudSense[[#This Row],[resource_status]])) -> Active | N105: =cloudSense[[#This Row],[allocated_cost]]-cloudSense[[#This Row],[actual_used_cost]] -> 82 | O105: =(cloudSense[[#This Row],[allocated_cost]]-cloudSense[[#This Row],[actual_used_cost]])/cloudSense[[#This Row],[allocated_cost]]*100 -> 13.666667
A106: 105 | B106: 45710 | C106: Lambda | D106: asia-south | E106: 5 | F106: 24 | G106: 200 | H106: 54 | I106: Idle | J106: =UPPER(TRIM(cloudSense[[#This Row],[service_name]])) -> LAMBDA | K106: =LOWER(TRIM(cloudSense[[#This Row],[region]])) -> asia-south | L106: =PROPER(TRIM(cloudSense[[#This Row],[resource_status]])) -> Idle | N106: =cloudSense[[#This Row],[allocated_cost]]-cloudSense[[#This Row],[actual_used_cost]] -> 146 | O106: =(cloudSense[[#This Row],[allocated_cost]]-cloudSense[[#This Row],[actual_used_cost]])/cloudSense[[#This Row],[allocated_cost]]*100 -> 73
A107: 106 | B107: 45710 | C107: S3 | D107: us-west | E107: 85 | F107: 498 | G107: 700 | H107: 668 | I107: Active | J107: =UPPER(TRIM(cloudSense[[#This Row],[service_name]])) -> S3 | K107: =LOWER(TRIM(cloudSense[[#This Row],[region]])) -> us-west | L107: =PROPER(TRIM(cloudSense[[#This Row],[resource_status]])) -> Active | N107: =cloudSense[[#This Row],[allocated_cost]]-cloudSense[[#This Row],[actual_used_cost]] -> 32 | O107: =(cloudSense[[#This Row],[allocated_cost]]-cloudSense[[#This Row],[actual_used_cost]])/cloudSense[[#This Row],[allocated_cost]]*100 -> 4.5714286
A108: 107 | B108: 45711 | C108: EC2 | D108: us-east | E108: 40 | F108: 182 | G108: 500 | H108: 345 | I108: Active | J108: =UPPER(TRIM(cloudSense[[#This Row],[service_name]])) -> EC2 | K108: =LOWER(TRIM(cloudSense[[#This Row],[region]])) -> us-east | L108: =PROPER(TRIM(cloudSense[[#This Row],[resource_status]])) -> Active | N108: =cloudSense[[#This Row],[allocated_cost]]-cloudSense[[#This Row],[actual_used_cost]] -> 155 | O108: =(cloudSense[[#This Row],[allocated_cost]]-cloudSense[[#This Row],[actual_used_cost]])/cloudSense[[#This Row],[allocated_cost]]*100 -> 31
A109: 108 | B109: 45711 | C109: RDS | D109: EU-CENTRAL | E109: 25 | F109: 230 | G109: 600 | H109: 185 | I109: Idle | J109: =UPPER(TRIM(cloudSense[[#This Row],[service_name]])) -> RDS | K109: =LOWER(TRIM(cloudSense[[#This Row],[region]])) -> eu-central | L109: =PROPER(TRIM(cloudSense[[#This Row],[resource_status]])) -> Idle | N109: =cloudSense[[#This Row],[allocated_cost]]-cloudSense[[#This Row],[actual_used_cost]] -> 415 | O109: =(cloudSense[[#This Row],[allocated_cost]]-cloudSense[[#This Row],[actual_used_cost]])/cloudSense[[#This Row],[allocated_cost]]*100 -> 69.166667
... A116: 115 | B116: 45715 | C116: EC2 | D116: us-east | E116: 34 | F116: 168 | G116: 500 | H116: 290 | I116: Active | J116: =UPPER(TRIM(cloudSense[[#This Row],[service_name]])) -> EC2 | K116: =LOWER(TRIM(cloudSense[[#This Row],[region]])) -> us-east | L116: =PROPER(TRIM(cloudSense[[#This Row],[resource_status]])) -> Active | N116: =cloudSense[[#This Row],[allocated_cost]]-cloudSense[[#This Row],[actual_used_cost]] -> 210 | O116: =(cloudSense[[#This Row],[allocated_cost]]-cloudSense[[#This Row],[actual_used_cost]])/cloudSense[[#This Row],[allocated_cost]]*100 -> 42
A117: 116 | B117: 45715 | C117: RDS | D117: eu-central | F117: 288 | G117: 600 | H117: 402 | I117: Idle | J117: =UPPER(TRIM(cloudSense[[#This Row],[service_name]])) -> RDS | K117: =LOWER(TRIM(cloudSense[[#This Row],[region]])) -> eu-central | L117: =PROPER(TRIM(cloudSense[[#This Row],[resource_status]])) -> Idle | N117: =cloudSense[[#This Row],[allocated_cost]]-cloudSense[[#This Row],[actual_used_cost]] -> 198 | O117: =(cloudSense[[#This Row],[allocated_cost]]-cloudSense[[#This Row],[actual_used_cost]])/cloudSense[[#This Row],[allocated_cost]]*100 -> 33
A118: 117 | B118: 45716 | C118: Lambda | D118: asia-south | E118: 7 | F118: 28 | G118: 200 | H118: 60 | I118: Idle | J118: =UPPER(TRIM(cloudSense[[#This Row],[service_name]])) -> LAMBDA | K118: =LOWER(TRIM(cloudSense[[#This Row],[region]])) -> asia-south | L118: =PROPER(TRIM(cloudSense[[#This Row],[resource_status]])) -> Idle | N118: =cloudSense[[#This Row],[allocated_cost]]-cloudSense[[#This Row],[actual_used_cost]] -> 140 | O118: =(cloudSense[[#This Row],[allocated_cost]]-cloudSense[[#This Row],[actual_used_cost]])/cloudSense[[#This Row],[allocated_cost]]*100 -> 70
A119: 118 | B119: 45716 | C119: S3 | D119: us-west | E119: 97 | F119: 578 | G119: 700 | H119: 700 | I119: Active | J119: =UPPER(TRIM(cloudSense[[#This Row],[service_name]])) -> S3 | K119: =LOWER(TRIM(cloudSense[[#This Row],[region]])) -> us-west | L119: =PROPER(TRIM(cloudSense[[#This Row],[resource_status]])) -> Active | N119: =cloudSense[[#This Row],[allocated_cost]]-cloudSense[[#This Row],[actual_used_cost]] -> 0 | O119: =(cloudSense[[#This Row],[allocated_cost]]-cloudSense[[#This Row],[actual_used_cost]])/cloudSense[[#This Row],[allocated_cost]]*100 -> 0
A120: 119 | B120: 45717 | C120: ec2 | D120: us-east | E120: 19 | F120: 115 | G120: 500 | H120: 185 | I120: idle | J120: =UPPER(TRIM(cloudSense[[#This Row],[service_name]])) -> EC2 | K120: =LOWER(TRIM(cloudSense[[#This Row],[region]])) -> us-east | L120: =PROPER(TRIM(cloudSense[[#This Row],[resource_status]])) -> Idle | N120: =cloudSense[[#This Row],[allocated_cost]]-cloudSense[[#This Row],[actual_used_cost]] -> 315 | O120: =(cloudSense[[#This Row],[allocated_cost]]-cloudSense[[#This Row],[actual_used_cost]])/cloudSense[[#This Row],[allocated_cost]]*100 -> 63
A121: 120 | B121: 45717 | C121: RDS | D121: EU-CENTRAL | E121: 70 | F121: 325 | G121: 600 | H121: 585 | I121: Active | J121: =UPPER(TRIM(cloudSense[[#This Row],[service_name]])) -> RDS | K121: =LOWER(TRIM(cloudSense[[#This Row],[region]])) -> eu-central | L121: =PROPER(TRIM(cloudSense[[#This Row],[resource_status]])) -> Active | N121: =cloudSense[[#This Row],[allocated_cost]]-cloudSense[[#This Row],[actual_used_cost]] -> 15 | O121: =(cloudSense[[#This Row],[allocated_cost]]-cloudSense[[#This Row],[actual_used_cost]])/cloudSense[[#This Row],[allocated_cost]]*100 -> 2.5
A122: 121 | B122: 45718 | C122: EC2 | D122: us-east | E122: 37 | F122: 175 | G122: 500 | H122: 305 | I122: Active | J122: =UPPER(TRIM(cloudSense[[#This Row],[service_name]])) -> EC2 | K122: =LOWER(TRIM(cloudSense[[#This Row],[region]])) -> us-east | L122: =PROPER(TRIM(cloudSense[[#This Row],[resource_status]])) -> Active | N122: =cloudSense[[#This Row],[allocated_cost]]-cloudSense[[#This Row],[actual_used_cost]] -> 195 | O122: =(cloudSense[[#This Row],[allocated_cost]]-cloudSense[[#This Row],[actual_used_cost]])/cloudSense[[#This Row],[allocated_cost]]*100 -> 39
A123: 122 | B123: 45718 | C123: S3 | D123: us-west | E123: 77 | F123: 460 | G123: 700 | H123: 650 | I123: Active | J123: =UPPER(TRIM(cloudSense[[#This Row],[service_name]])) -> S3 | K123: =LOWER(TRIM(cloudSense[[#This Row],[region]])) -> us-west | L123: =PROPER(TRIM(cloudSense[[#This Row],[resource_status]])) -> Active | N123: =cloudSense[[#This Row],[allocated_cost]]-cloudSense[[#This Row],[actual_used_cost]] -> 50 | O123: =(cloudSense[[#This Row],[allocated_cost]]-cloudSense[[#This Row],[actual_used_cost]])/cloudSense[[#This Row],[allocated_cost]]*100 -> 7.1428571
A124: 123 | B124: 45719 | C124: ec2 | D124: us-east | E124: 15 | F124: 106 | G124: 500 | H124: 130 | I124: Idle | J124: =UPPER(TRIM(cloudSense[[#This Row],[service_name]])) -> EC2 | K124: =LOWER(TRIM(cloudSense[[#This Row],[region]])) -> us-east | L124: =PROPER(TRIM(cloudSense[[#This Row],[resource_status]])) -> Idle | N124: =cloudSense[[#This Row],[allocated_cost]]-cloudSense[[#This Row],[actual_used_cost]] -> 370 | O124: =(cloudSense[[#This Row],[allocated_cost]]-cloudSense[[#This Row],[actual_used_cost]])/cloudSense[[#This Row],[allocated_cost]]*100 -> 74
A125: 124 | B125: 45719 | C125: RDS | D125: eu-central | E125: 62 | F125: 310 | G125: 600 | H125: 520 | I125: Active | J125: =UPPER(TRIM(cloudSense[[#This Row],[service_name]])) -> RDS | K125: =LOWER(TRIM(cloudSense[[#This Row],[region]])) -> eu-central | L125: =PROPER(TRIM(cloudSense[[#This Row],[resource_status]])) -> Active | N125: =cloudSense[[#This Row],[allocated_cost]]-cloudSense[[#This Row],[actual_used_cost]] -> 80 | O125: =(cloudSense[[#This Row],[allocated_cost]]-cloudSense[[#This Row],[actual_used_cost]])/cloudSense[[#This Row],[allocated_cost]]*100 -> 13.333333
A126: 125 | B126: 45720 | C126: Lambda | D126: asia-south | E126: 5 | F126: 25 | G126: 200 | H126: 55 | I126: Idle | J126: =UPPER(TRIM(cloudSense[[#This Row],[service_name]])) -> LAMBDA | K126: =LOWER(TRIM(cloudSense[[#This Row],[region]])) -> asia-south | L126: =PROPER(TRIM(cloudSense[[#This Row],[resource_status]])) -> Idle | N126: =cloudSense[[#This Row],[allocated_cost]]-cloudSense[[#This Row],[actual_used_cost]] -> 145 | O126: =(cloudSense[[#This Row],[allocated_cost]]-cloudSense[[#This Row],[actual_used_cost]])/cloudSense[[#This Row],[allocated_cost]]*100 -> 72.5
A127: 126 | B127: 45720 | C127: S3 | D127: us-west | E127: 86 | F127: 500 | G127: 700 | H127: 670 | I127: Active | J127: =UPPER(TRIM(cloudSense[[#This Row],[service_name]])) -> S3 | K127: =LOWER(TRIM(cloudSense[[#This Row],[region]])) -> us-west | L127: =PROPER(TRIM(cloudSense[[#This Row],[resource_status]])) -> Active | N127: =cloudSense[[#This Row],[allocated_cost]]-cloudSense[[#This Row],[actual_used_cost]] -> 30 | O127: =(cloudSense[[#This Row],[allocated_cost]]-cloudSense[[#This Row],[actual_used_cost]])/cloudSense[[#This Row],[allocated_cost]]*100 -> 4.2857143
A128: 127 | B128: 45721 | C128: EC2 | D128: us-east | E128: 41 | F128: 185 | G128: 500 | H128: 350 | I128: Active | J128: =UPPER(TRIM(cloudSense[[#This Row],[service_name]])) -> EC2 | K128: =LOWER(TRIM(cloudSense[[#This Row],[region]])) -> us-east | L128: =PROPER(TRIM(cloudSense[[#This Row],[resource_status]])) -> Active | N128: =cloudSense[[#This Row],[allocated_cost]]-cloudSense[[#This Row],[actual_used_cost]] -> 150 | O128: =(cloudSense[[#This Row],[allocated_cost]]-cloudSense[[#This Row],[actual_used_cost]])/cloudSense[[#This Row],[allocated_cost]]*100 -> 30
A129: 128 | B129: 45721 | C129: RDS | D129: EU-CENTRAL | E129: 26 | F129: 235 | G129: 600 | H129: 190 | I129: Idle | J129: =UPPER(TRIM(cloudSense[[#This Row],[service_name]])) -> RDS | K129: =LOWER(TRIM(cloudSense[[#This Row],[region]])) -> eu-central | L129: =PROPER(TRIM(cloudSense[[#This Row],[resource_status]])) -> Idle | N129: =cloudSense[[#This Row],[allocated_cost]]-cloudSense[[#This Row],[actual_used_cost]] -> 410 | O129: =(cloudSense[[#This Row],[allocated_cost]]-cloudSense[[#This Row],[actual_used_cost]])/cloudSense[[#This Row],[allocated_cost]]*100 -> 68.333333
... A136: 135 | B136: 45725 | C136: EC2 | D136: us-east | E136: 35 | F136: 170 | G136: 500 | H136: 295 | I136: Active | J136: =UPPER(TRIM(cloudSense[[#This Row],[service_name]])) -> EC2 | K136: =LOWER(TRIM(cloudSense[[#This Row],[region]])) -> us-east | L136: =PROPER(TRIM(cloudSense[[#This Row],[resource_status]])) -> Active | N136: =cloudSense[[#This Row],[allocated_cost]]-cloudSense[[#This Row],[actual_used_cost]] -> 205 | O136: =(cloudSense[[#This Row],[allocated_cost]]-cloudSense[[#This Row],[actual_used_cost]])/cloudSense[[#This Row],[allocated_cost]]*100 -> 41
...

Sheet Sheet1

Sheet Cloud_Sense_Clean
A1: record_id | B1: date | C1: storage_gb | D1: allocated_cost | E1: actual_used_cost | F1: service_clean | G1: region_clean | H1: status_clean | I1: waste_cost | J1: waste_percent | K1: cpu_clean
A2: 1 | B2: 45658 | C2: 120 | D2: 500 | E2: 210 | F2: EC2 | G2: us-east | H2: =PROPER(TRIM(cloudSense[[#This Row],[resource_status]])) -> Idle | I2: =cloudSense[[#This Row],[allocated_cost]]-cloudSense[[#This Row],[actual_used_cost]] -> 290 | J2: =((cloudSense[[#This Row],[allocated_cost]]-cloudSense[[#This Row],[actual_used_cost]])/cloudSense[[#This Row],[allocated_cost]]*100)*0.01 -> 0.58 | K2: =IF('cloudSense'!E2="",AVERAGE('cloudSense'!$E$2:$E$201),'cloudSense'!E2) -> 23
A3: 2 | B3: 45658 | C3: 450 | D3: 700 | E3: 690 | F3: S3 | G3: us-west | H3: =PROPER(TRIM(cloudSense[[#This Row],[resource_status]])) -> Active | I3: =cloudSense[[#This Row],[allocated_cost]]-cloudSense[[#This Row],[actual_used_cost]] -> 10 | J3: =((cloudSense[[#This Row],[allocated_cost]]-cloudSense[[#This Row],[actual_used_cost]])/cloudSense[[#This Row],[allocated_cost]]*100)*0.01 -> 0.014285714 | K3: =IF('cloudSense'!E3="",AVERAGE('cloudSense'!$E$2:$E$201),'cloudSense'!E3) -> 78
A4: 3 | B4: 45659 | C4: 90 | D4: 500 | E4: 120 | F4: EC2 | G4: us-east | H4: =PROPER(TRIM(cloudSense[[#This Row],[resource_status]])) -> Idle | I4: =cloudSense[[#This Row],[allocated_cost]]-cloudSense[[#This Row],[actual_used_cost]] -> 380 | J4: =((cloudSense[[#This Row],[allocated_cost]]-cloudSense[[#This Row],[actual_used_cost]])/cloudSense[[#This Row],[allocated_cost]]*100)*0.01 -> 0.76 | K4: =IF('cloudSense'!E4="",AVERAGE('cloudSense'!$E$2:$E$201),'cloudSense'!E4) -> 12
A5: 4 | B5: 45659 | C5: 300 | D5: 600 | E5: 580 | F5: RDS | G5: eu-central | H5: =PROPER(TRIM(cloudSense[[#This Row],[resource_status]])) -> Active | I5: =cloudSense[[#This Row],[allocated_cost]]-cloudSense[[#This Row],[actual_used_cost]] -> 20 | J5: =((cloudSense[[#This Row],[allocated_cost]]-cloudSense[[#This Row],[actual_used_cost]])/cloudSense[[#This Row],[allocated_cost]]*100)*0.01 -> 0.033333333 | K5: =IF('cloudSense'!E5="",AVERAGE('cloudSense'!$E$2:$E$201),'cloudSense'!E5) -> 65
A6: 5 | B6: 45660 | C6: 20 | D6: 200 | E6: 50 | F6: LAMBDA | G6: asia-south | H6: =PROPER(TRIM(cloudSense[[#This Row],[resource_status]])) -> Idle | I6: =cloudSense[[#This Row],[allocated_cost]]-cloudSense[[#This Row],[actual_used_cost]] -> 150 | J6: =((cloudSense[[#This Row],[allocated_cost]]-cloudSense[[#This Row],[actual_used_cost]])/cloudSense[[#This Row],[allocated_cost]]*100)*0.01 -> 0.75 | K6: =IF('cloudSense'!E6="",AVERAGE('cloudSense'!$E$2:$E$201),'cloudSense'!E6) -> 5
A7: 6 | B7: 45660 | C7: 400 | D7: 700 | E7: 650 | F7: S3 | G7: us-west | H7: =PROPER(TRIM(cloudSense[[#This Row],[resource_status]])) -> Active | I7: =cloudSense[[#This Row],[allocated_cost]]-cloudSense[[#This Row],[actual_used_cost]] -> 50 | J7: =((cloudSense[[#This Row],[allocated_cost]]-cloudSense[[#This Row],[actual_used_cost]])/cloudSense[[#This Row],[allocated_cost]]*100)*0.01 -> 0.071428571 | K7: =IF('cloudSense'!E7="",AVERAGE('cloudSense'!$E$2:$E$201),'cloudSense'!E7) -> 47.111111
A8: 7 | B8: 45661 | C8: 150 | D8: 500 | E8: 300 | F8: EC2 | G8: us-east | H8: =PROPER(TRIM(cloudSense[[#This Row],[resource_status]])) -> Active | I8: =cloudSense[[#This Row],[allocated_cost]]-cloudSense[[#This Row],[actual_used_cost]] -> 200 | J8: =((cloudSense[[#This Row],[allocated_cost]]-cloudSense[[#This Row],[actual_used_cost]])/cloudSense[[#This Row],[allocated_cost]]*100)*0.01 -> 0.4 | K8: =IF('cloudSense'!E8="",AVERAGE('cloudSense'!$E$2:$E$201),'cloudSense'!E8) -> 33
A9: 8 | B9: 45661 | C9: 200 | D9: 600 | E9: 150 | F9: RDS | G9: eu-central | H9: =PROPER(TRIM(cloudSense[[#This Row],[resource_status]])) -> Idle | I9: =cloudSense[[#This Row],[allocated_cost]]-cloudSense[[#This Row],[actual_used_cost]] -> 450 | J9: =((cloudSense[[#This Row],[allocated_cost]]-cloudSense[[#This Row],[actual_used_cost]])/cloudSense[[#This Row],[allocated_cost]]*100)*0.01 -> 0.75 | K9: =IF('cloudSense'!E9="",AVERAGE('cloudSense'!$E$2:$E$201),'cloudSense'!E9) -> 18
A10: 9 | B10: 45662 | C10: 250 | D10: 500 | E10: 480 | F10: EC2 | G10: us-east | H10: =PROPER(TRIM(cloudSense[[#This Row],[resource_status]])) -> Active | I10: =cloudSense[[#This Row],[allocated_cost]]-cloudSense[[#This Row],[actual_used_cost]] -> 20 | J10: =((cloudSense[[#This Row],[allocated_cost]]-cloudSense[[#This Row],[actual_used_cost]])/cloudSense[[#This Row],[allocated_cost]]*100)*0.01 -> 0.04 | K10: =IF('cloudSense'!E10="",AVERAGE('cloudSense'!$E$2:$E$201),'cloudSense'!E10) -> 90
A11: 10 | B11: 45662 | C11: 500 | D11: 700 | E11: 400 | F11: S3 | G11: us-west | H11: =PROPER(TRIM(cloudSense[[#This Row],[resource_status]])) -> Active | I11: =cloudSense[[#This Row],[allocated_cost]]-cloudSense[[#This Row],[actual_used_cost]] -> 300 | J11: =((cloudSense[[#This Row],[allocated_cost]]-cloudSense[[#This Row],[actual_used_cost]])/cloudSense[[#This Row],[allocated_cost]]*100)*0.01 -> 0.42857143 | K11: =IF('cloudSense'!E11="",AVERAGE('cloudSense'!$E$2:$E$201),'cloudSense'!E11) -> 45
A12: 11 | B12: 45663 | C12: 80 | D12: 500 | E12: 60 | F12: EC2 | G12: us-east | H12: =PROPER(TRIM(cloudSense[[#This Row],[resource_status]])) -> Idle | I12: =cloudSense[[#This Row],[allocated_cost]]-cloudSense[[#This Row],[actual_used_cost]] -> 440 | J12: =((cloudSense[[#This Row],[allocated_cost]]-cloudSense[[#This Row],[actual_used_cost]])/cloudSense[[#This Row],[allocated_cost]]*100)*0.01 -> 0.88 | K12: =IF('cloudSense'!E12="",AVERAGE('cloudSense'!$E$2:$E$201),'cloudSense'!E12) -> 8
A13: 12 | B13: 45663 | C13: 350 | D13: 600 | E13: 590 | F13: RDS | G13: asia-south | H13: =PROPER(TRIM(cloudSense[[#This Row],[resource_status]])) -> Active | I13: =cloudSense[[#This Row],[allocated_cost]]-cloudSense[[#This Row],[actual_used_cost]] -> 10 | J13: =((cloudSense[[#This Row],[allocated_cost]]-cloudSense[[#This Row],[actual_used_cost]])/cloudSense[[#This Row],[allocated_cost]]*100)*0.01 -> 0.016666667 | K13: =IF('cloudSense'!E13="",AVERAGE('cloudSense'!$E$2:$E$201),'cloudSense'!E13) -> 72
... A201: 200 | B201: 45757 | C201: 335 | D201: 600 | E201: 595 | F201: RDS | G201: eu-central | H201: =PROPER(TRIM(cloudSense[[#This Row],[resource_status]])) -> Active | I201: =cloudSense[[#This Row],[allocated_cost]]-cloudSense[[#This Row],[actual_used_cost]] -> 5 | J201: =((cloudSense[[#This Row],[allocated_cost]]-cloudSense[[#This Row],[actual_used_cost]])/cloudSense[[#This Row],[allocated_cost]]*100)*0.01 -> 0.0083333333 | K201: =IF('cloudSense'!E201="",AVERAGE('cloudSense'!$E$2:$E$201),'cloudSense'!E201) -> 78
